-- phpMyAdmin SQL Dump
-- version 4.2.7.1
-- http://www.phpmyadmin.net
--
-- Host: 127.0.0.1
-- Generation Time: Dec 24, 2014 at 05:39 AM
-- Server version: 5.5.39
-- PHP Version: 5.4.31

SET SQL_MODE = "NO_AUTO_VALUE_ON_ZERO";
SET time_zone = "+00:00";


/*!40101 SET @OLD_CHARACTER_SET_CLIENT=@@CHARACTER_SET_CLIENT */;
/*!40101 SET @OLD_CHARACTER_SET_RESULTS=@@CHARACTER_SET_RESULTS */;
/*!40101 SET @OLD_COLLATION_CONNECTION=@@COLLATION_CONNECTION */;
/*!40101 SET NAMES utf8 */;

--
-- Database: `raport_smp`
--

-- --------------------------------------------------------

--
-- Table structure for table `class_level`
--

CREATE TABLE IF NOT EXISTS `class_level` (
`id` int(11) NOT NULL,
  `title` varchar(50) NOT NULL
) ENGINE=InnoDB  DEFAULT CHARSET=latin1 AUTO_INCREMENT=7 ;

--
-- Dumping data for table `class_level`
--

INSERT INTO `class_level` (`id`, `title`) VALUES
(1, 'Kelas 7a'),
(2, 'Kelas 8a'),
(3, 'Kelas 9a'),
(4, 'Kelas 7b'),
(5, 'Kelas 8b'),
(6, 'Kelas 9b');

-- --------------------------------------------------------

--
-- Table structure for table `discipline`
--

CREATE TABLE IF NOT EXISTS `discipline` (
`id` int(11) NOT NULL,
  `title` varchar(150) NOT NULL
) ENGINE=MyISAM  DEFAULT CHARSET=latin1 AUTO_INCREMENT=13 ;

--
-- Dumping data for table `discipline`
--

INSERT INTO `discipline` (`id`, `title`) VALUES
(2, 'Bahasa Indonesia'),
(3, 'Bahasa Inggris'),
(5, 'Pendidikan Agama'),
(6, 'Pendidikan Pancasila dan Kewarganegaraan'),
(7, 'Matematika'),
(8, 'IPA'),
(9, 'IPS'),
(10, 'Seni Budaya'),
(11, 'Pendidikan Jasmani dan Kesehatan'),
(12, 'TIK');

-- --------------------------------------------------------

--
-- Table structure for table `grade`
--

CREATE TABLE IF NOT EXISTS `grade` (
`id` int(11) NOT NULL,
  `tahun` int(11) NOT NULL,
  `semester` int(11) NOT NULL,
  `student_id` int(11) NOT NULL,
  `discipline_id` int(11) NOT NULL,
  `uh` int(11) NOT NULL,
  `uts` int(11) NOT NULL,
  `uas` int(11) NOT NULL
) ENGINE=MyISAM  DEFAULT CHARSET=latin1 AUTO_INCREMENT=1130 ;

--
-- Dumping data for table `grade`
--

INSERT INTO `grade` (`id`, `tahun`, `semester`, `student_id`, `discipline_id`, `uh`, `uts`, `uas`) VALUES
(3, 2013, 1, 3, 2, 95, 80, 85),
(4, 2013, 1, 3, 3, 70, 80, 80),
(5, 2013, 1, 2, 2, 85, 75, 75),
(6, 2013, 1, 2, 3, 75, 80, 85),
(7, 2013, 2, 3, 2, 11, 11, 12),
(34, 2013, 1, 7, 8, 80, 80, 90),
(36, 2013, 1, 3, 8, 80, 70, 80),
(10, 2013, 1, 4, 2, 90, 85, 85),
(11, 2013, 1, 5, 2, 90, 80, 80),
(37, 2013, 1, 8, 8, 90, 80, 90),
(29, 2013, 1, 8, 2, 90, 75, 75),
(14, 2013, 1, 4, 3, 70, 70, 80),
(35, 2013, 1, 2, 8, 80, 70, 70),
(38, 2013, 1, 9, 8, 80, 80, 70),
(17, 2013, 1, 6, 2, 90, 90, 70),
(18, 2013, 1, 5, 3, 80, 80, 90),
(19, 2013, 1, 6, 3, 80, 80, 70),
(20, 2013, 1, 7, 2, 90, 75, 80),
(21, 2013, 1, 7, 7, 90, 90, 90),
(22, 2013, 1, 2, 7, 90, 75, 70),
(23, 2013, 1, 3, 7, 90, 70, 85),
(24, 2013, 1, 8, 7, 80, 85, 75),
(25, 2013, 1, 9, 7, 90, 80, 80),
(26, 2013, 1, 4, 7, 85, 70, 70),
(27, 2013, 1, 5, 7, 85, 90, 80),
(28, 2013, 1, 6, 7, 85, 80, 80),
(30, 2013, 1, 9, 2, 90, 80, 80),
(31, 2013, 1, 7, 3, 80, 80, 70),
(32, 2013, 1, 8, 3, 80, 70, 70),
(33, 2013, 1, 9, 3, 90, 70, 80),
(39, 2013, 1, 4, 8, 70, 80, 70),
(40, 2013, 1, 5, 8, 80, 70, 80),
(41, 2013, 1, 6, 8, 80, 70, 80),
(42, 2013, 1, 7, 6, 90, 70, 90),
(43, 2013, 1, 2, 6, 90, 70, 70),
(44, 2013, 1, 3, 6, 90, 70, 80),
(45, 2013, 1, 8, 6, 80, 90, 70),
(46, 2013, 1, 9, 6, 80, 70, 70),
(47, 2013, 1, 4, 6, 80, 80, 70),
(48, 2013, 1, 5, 6, 90, 70, 70),
(49, 2013, 1, 6, 6, 90, 80, 80),
(50, 2013, 1, 7, 9, 80, 85, 75),
(51, 2013, 1, 2, 9, 90, 85, 70),
(52, 2013, 1, 3, 9, 90, 70, 75),
(53, 2013, 1, 8, 9, 80, 80, 70),
(54, 2013, 1, 9, 9, 80, 80, 70),
(55, 2013, 1, 4, 9, 80, 80, 70),
(56, 2013, 1, 5, 9, 80, 80, 70),
(57, 2013, 1, 6, 9, 80, 80, 70),
(58, 2013, 1, 10, 6, 90, 70, 70),
(59, 2013, 1, 11, 6, 90, 70, 90),
(60, 2013, 1, 12, 6, 90, 80, 80),
(61, 2013, 1, 13, 6, 90, 70, 70),
(62, 2013, 1, 14, 6, 90, 80, 90),
(63, 2013, 1, 15, 6, 90, 70, 70),
(64, 2013, 1, 16, 6, 90, 80, 70),
(65, 2013, 1, 17, 6, 90, 80, 60),
(66, 2013, 1, 18, 6, 90, 80, 80),
(67, 2013, 1, 19, 6, 90, 80, 80),
(68, 2013, 1, 20, 6, 90, 80, 70),
(69, 2013, 1, 21, 6, 90, 80, 60),
(70, 2013, 1, 22, 6, 90, 70, 70),
(71, 2013, 1, 23, 6, 90, 70, 90),
(72, 2013, 1, 24, 6, 90, 70, 80),
(73, 2013, 1, 25, 6, 90, 80, 70),
(74, 2013, 1, 26, 6, 90, 70, 80),
(75, 2013, 1, 27, 6, 90, 70, 80),
(76, 2013, 1, 28, 6, 90, 70, 60),
(77, 2013, 1, 29, 6, 80, 90, 70),
(78, 2013, 1, 30, 6, 80, 70, 80),
(79, 2013, 1, 31, 6, 80, 70, 60),
(80, 2013, 1, 32, 6, 80, 80, 70),
(81, 2013, 1, 33, 6, 80, 90, 70),
(82, 2013, 1, 34, 6, 80, 70, 70),
(83, 2013, 1, 35, 6, 80, 80, 90),
(84, 2013, 1, 36, 6, 80, 70, 80),
(85, 2013, 1, 37, 6, 80, 60, 70),
(86, 2013, 1, 38, 6, 80, 60, 70),
(87, 2013, 1, 39, 6, 80, 80, 80),
(88, 2013, 1, 40, 6, 80, 80, 70),
(89, 2013, 1, 41, 6, 80, 80, 70),
(90, 2013, 1, 42, 6, 80, 90, 80),
(91, 2013, 1, 43, 6, 80, 70, 60),
(92, 2013, 1, 44, 6, 80, 80, 70),
(93, 2013, 1, 45, 6, 80, 90, 70),
(94, 2013, 1, 49, 6, 80, 90, 70),
(95, 2013, 1, 46, 6, 80, 80, 70),
(96, 2013, 1, 47, 6, 80, 80, 90),
(97, 2013, 1, 48, 6, 80, 60, 80),
(98, 2013, 1, 50, 6, 70, 90, 80),
(99, 2013, 1, 51, 6, 90, 90, 80),
(100, 2013, 1, 52, 6, 80, 80, 80),
(101, 2013, 1, 53, 6, 80, 80, 80),
(102, 2013, 1, 54, 6, 90, 70, 80),
(103, 2013, 1, 55, 6, 90, 80, 70),
(104, 2013, 1, 56, 6, 80, 60, 80),
(105, 2013, 1, 57, 6, 70, 60, 90),
(106, 2013, 1, 58, 6, 90, 80, 70),
(107, 2013, 1, 59, 6, 80, 80, 70),
(108, 2013, 1, 60, 6, 70, 70, 70),
(109, 2013, 1, 61, 6, 70, 80, 90),
(110, 2013, 1, 62, 6, 70, 90, 80),
(111, 2013, 1, 63, 6, 90, 90, 70),
(112, 2013, 1, 64, 6, 90, 80, 60),
(113, 2013, 1, 65, 6, 80, 80, 70),
(114, 2013, 1, 66, 6, 80, 80, 70),
(115, 2013, 1, 67, 6, 90, 90, 60),
(116, 2013, 1, 68, 6, 80, 70, 70),
(117, 2013, 1, 69, 6, 70, 70, 80),
(118, 2013, 1, 70, 6, 90, 80, 80),
(119, 2013, 1, 71, 6, 90, 80, 70),
(120, 2013, 1, 72, 6, 80, 80, 80),
(121, 2013, 1, 73, 6, 90, 80, 80),
(122, 2013, 1, 74, 6, 90, 70, 70),
(123, 2013, 1, 75, 6, 80, 80, 80),
(124, 2013, 1, 76, 6, 70, 80, 60),
(125, 2013, 1, 77, 6, 70, 80, 80),
(126, 2013, 1, 78, 6, 70, 80, 70),
(127, 2013, 1, 79, 6, 70, 80, 90),
(128, 2013, 1, 80, 6, 70, 80, 70),
(129, 2013, 1, 81, 6, 70, 80, 70),
(130, 2013, 1, 82, 6, 70, 80, 70),
(131, 2013, 1, 83, 6, 70, 80, 90),
(132, 2013, 1, 84, 6, 80, 90, 90),
(133, 2013, 1, 85, 6, 80, 70, 80),
(134, 2013, 1, 86, 6, 90, 90, 80),
(135, 2013, 1, 87, 6, 90, 70, 70),
(136, 2013, 1, 88, 6, 60, 70, 80),
(137, 2013, 1, 89, 6, 70, 80, 80),
(138, 2013, 1, 90, 6, 70, 80, 70),
(139, 2013, 1, 91, 6, 70, 80, 90),
(140, 2013, 1, 92, 6, 70, 80, 80),
(141, 2013, 1, 93, 6, 70, 80, 80),
(142, 2013, 1, 94, 6, 70, 90, 70),
(143, 2013, 1, 95, 6, 70, 80, 80),
(144, 2013, 1, 96, 6, 80, 60, 70),
(145, 2013, 1, 97, 6, 70, 70, 90),
(146, 2013, 1, 98, 6, 80, 70, 70),
(147, 2013, 1, 99, 6, 80, 70, 80),
(148, 2013, 1, 100, 6, 80, 70, 60),
(149, 2013, 1, 101, 6, 80, 70, 70),
(150, 2013, 1, 110, 6, 80, 70, 60),
(151, 2013, 1, 102, 6, 80, 70, 70),
(152, 2013, 1, 103, 6, 80, 70, 60),
(153, 2013, 1, 104, 6, 90, 80, 90),
(154, 2013, 1, 105, 6, 80, 80, 80),
(155, 2013, 1, 106, 6, 70, 70, 60),
(156, 2013, 1, 107, 6, 80, 80, 80),
(157, 2013, 1, 108, 6, 70, 70, 70),
(158, 2013, 1, 109, 6, 70, 60, 90),
(159, 2013, 1, 111, 6, 80, 70, 70),
(160, 2013, 1, 112, 6, 80, 70, 90),
(161, 2013, 1, 113, 6, 80, 70, 80),
(162, 2013, 1, 10, 7, 80, 90, 90),
(163, 2013, 1, 11, 7, 90, 80, 70),
(164, 2013, 1, 12, 7, 90, 70, 70),
(165, 2013, 1, 13, 7, 60, 70, 80),
(166, 2013, 1, 14, 7, 70, 80, 90),
(167, 2013, 1, 15, 7, 90, 70, 90),
(168, 2013, 1, 16, 7, 80, 90, 70),
(169, 2013, 1, 17, 7, 80, 90, 70),
(170, 2013, 1, 18, 7, 70, 90, 90),
(171, 2013, 1, 19, 7, 70, 8, 90),
(172, 2013, 1, 20, 7, 80, 70, 80),
(173, 2013, 1, 21, 7, 70, 70, 80),
(174, 2013, 1, 22, 7, 80, 90, 90),
(175, 2013, 1, 23, 7, 80, 80, 70),
(176, 2013, 1, 24, 7, 90, 70, 70),
(177, 2013, 1, 25, 7, 80, 70, 80),
(178, 2013, 1, 26, 7, 70, 80, 80),
(179, 2013, 1, 27, 7, 90, 80, 90),
(180, 2013, 1, 28, 7, 90, 70, 70),
(181, 2013, 1, 29, 7, 70, 90, 90),
(182, 2013, 1, 30, 7, 80, 90, 80),
(183, 2013, 1, 31, 7, 90, 70, 70),
(184, 2013, 1, 32, 7, 80, 70, 70),
(185, 2013, 1, 33, 7, 90, 70, 80),
(186, 2013, 1, 34, 7, 90, 80, 90),
(187, 2013, 1, 35, 7, 70, 90, 80),
(188, 2013, 1, 36, 7, 70, 80, 80),
(189, 2013, 1, 37, 7, 80, 80, 70),
(190, 2013, 1, 38, 7, 80, 90, 70),
(191, 2013, 1, 39, 7, 80, 90, 70),
(192, 2013, 1, 40, 7, 80, 80, 90),
(193, 2013, 1, 41, 7, 80, 80, 90),
(194, 2013, 1, 42, 7, 70, 90, 80),
(195, 2013, 1, 43, 7, 90, 90, 80),
(196, 2013, 1, 44, 7, 80, 70, 70),
(197, 2013, 1, 45, 7, 80, 80, 70),
(198, 2013, 1, 49, 7, 90, 70, 90),
(199, 2013, 1, 46, 7, 90, 80, 90),
(200, 2013, 1, 47, 7, 70, 90, 90),
(201, 2013, 1, 48, 7, 80, 80, 80),
(202, 2013, 1, 50, 7, 60, 60, 80),
(203, 2013, 1, 51, 7, 60, 70, 70),
(204, 2013, 1, 52, 7, 70, 80, 90),
(205, 2013, 1, 53, 7, 70, 70, 90),
(206, 2013, 1, 54, 7, 70, 70, 80),
(207, 2013, 1, 55, 7, 90, 60, 80),
(208, 2013, 1, 56, 7, 80, 90, 70),
(209, 2013, 1, 57, 7, 80, 90, 70),
(210, 2013, 1, 58, 7, 90, 80, 80),
(211, 2013, 1, 59, 7, 80, 80, 80),
(212, 2013, 1, 60, 7, 80, 80, 80),
(213, 2013, 1, 61, 7, 80, 90, 90),
(214, 2013, 1, 62, 7, 0, 60, 80),
(215, 2013, 1, 63, 7, 60, 70, 80),
(216, 2013, 1, 64, 7, 70, 80, 90),
(217, 2013, 1, 65, 7, 70, 80, 90),
(218, 2013, 1, 66, 7, 70, 70, 80),
(219, 2013, 1, 67, 7, 90, 60, 80),
(220, 2013, 1, 68, 7, 90, 60, 80),
(221, 2013, 1, 69, 7, 80, 90, 70),
(222, 2013, 1, 70, 7, 90, 80, 80),
(223, 2013, 1, 71, 7, 90, 90, 90),
(224, 2013, 1, 72, 7, 90, 90, 70),
(225, 2013, 1, 73, 7, 80, 70, 80),
(226, 2013, 1, 74, 7, 80, 70, 80),
(227, 2013, 1, 75, 7, 80, 70, 80),
(228, 2013, 1, 76, 7, 70, 80, 90),
(229, 2013, 1, 77, 7, 70, 80, 90),
(230, 2013, 1, 78, 7, 80, 90, 70),
(231, 2013, 1, 79, 7, 80, 70, 70),
(232, 2013, 1, 80, 7, 90, 60, 80),
(233, 2013, 1, 81, 7, 90, 70, 80),
(234, 2013, 1, 82, 7, 70, 80, 80),
(235, 2013, 1, 83, 7, 70, 70, 80),
(236, 2013, 1, 84, 7, 90, 90, 70),
(237, 2013, 1, 85, 7, 80, 90, 70),
(238, 2013, 1, 86, 7, 80, 70, 80),
(239, 2013, 1, 87, 7, 80, 70, 80),
(240, 2013, 1, 88, 7, 80, 80, 90),
(241, 2013, 1, 89, 7, 70, 80, 90),
(242, 2013, 1, 90, 7, 70, 90, 70),
(243, 2013, 1, 91, 7, 80, 90, 70),
(244, 2013, 1, 92, 7, 90, 70, 80),
(245, 2013, 1, 93, 7, 90, 660, 80),
(246, 2013, 1, 94, 7, 80, 80, 70),
(247, 2013, 1, 95, 7, 70, 70, 90),
(248, 2013, 1, 96, 7, 80, 90, 80),
(249, 2013, 1, 97, 7, 80, 60, 70),
(250, 2013, 1, 98, 7, 70, 60, 70),
(251, 2013, 1, 99, 7, 70, 60, 80),
(252, 2013, 1, 100, 7, 70, 70, 80),
(253, 2013, 1, 101, 7, 80, 70, 70),
(254, 2013, 1, 110, 7, 80, 70, 80),
(255, 2013, 1, 102, 7, 80, 80, 70),
(256, 2013, 1, 103, 7, 80, 80, 80),
(257, 2013, 1, 104, 7, 80, 90, 80),
(258, 2013, 1, 105, 7, 80, 90, 80),
(259, 2013, 1, 106, 7, 70, 70, 90),
(260, 2013, 1, 107, 7, 80, 90, 80),
(261, 2013, 1, 108, 7, 80, 90, 70),
(262, 2013, 1, 109, 7, 80, 60, 70),
(263, 2013, 1, 111, 7, 70, 80, 60),
(264, 2013, 1, 112, 7, 70, 80, 70),
(265, 2013, 1, 113, 7, 70, 80, 70),
(266, 2013, 1, 7, 11, 80, 70, 80),
(267, 2013, 1, 10, 11, 80, 70, 80),
(268, 2013, 1, 11, 11, 70, 90, 80),
(269, 2013, 1, 12, 11, 70, 90, 80),
(270, 2013, 1, 2, 11, 80, 70, 90),
(271, 2013, 1, 13, 11, 80, 70, 80),
(272, 2013, 1, 14, 11, 80, 80, 70),
(273, 2013, 1, 5, 11, 80, 90, 90),
(274, 2013, 1, 15, 11, 70, 90, 90),
(275, 2013, 1, 16, 11, 70, 70, 80),
(276, 2013, 1, 17, 11, 70, 70, 80),
(277, 2013, 1, 18, 11, 80, 80, 80),
(278, 2013, 1, 19, 11, 80, 80, 80),
(279, 2013, 1, 20, 11, 80, 70, 90),
(280, 2013, 1, 21, 11, 70, 70, 90),
(281, 2013, 1, 22, 11, 70, 90, 80),
(282, 2013, 1, 23, 11, 70, 70, 80),
(283, 2013, 1, 24, 11, 80, 70, 90),
(284, 2013, 1, 25, 11, 80, 80, 80),
(285, 2013, 1, 26, 11, 80, 80, 60),
(286, 2013, 1, 27, 11, 70, 90, 90),
(287, 2013, 1, 28, 11, 70, 70, 80),
(288, 2013, 1, 29, 11, 80, 90, 80),
(289, 2013, 1, 30, 11, 90, 90, 70),
(290, 2013, 1, 31, 11, 90, 80, 70),
(291, 2013, 1, 32, 11, 80, 80, 90),
(292, 2013, 1, 33, 11, 70, 80, 70),
(293, 2013, 1, 34, 11, 70, 90, 70),
(294, 2013, 1, 35, 11, 80, 90, 70),
(295, 2013, 1, 36, 11, 90, 80, 80),
(296, 2013, 1, 37, 11, 90, 80, 80),
(297, 2013, 1, 38, 11, 90, 80, 80),
(298, 2013, 1, 39, 11, 90, 90, 70),
(299, 2013, 1, 40, 11, 80, 80, 70),
(300, 2013, 1, 41, 11, 80, 80, 80),
(301, 2013, 1, 42, 11, 80, 90, 80),
(302, 2013, 1, 43, 11, 90, 90, 70),
(303, 2013, 1, 44, 11, 80, 80, 80),
(304, 2013, 1, 45, 11, 70, 80, 80),
(305, 2013, 1, 49, 11, 70, 80, 70),
(306, 2013, 1, 46, 11, 80, 90, 70),
(307, 2013, 1, 47, 11, 80, 80, 80),
(308, 2013, 1, 48, 11, 90, 80, 80),
(309, 2013, 1, 50, 11, 90, 80, 70),
(310, 2013, 1, 8, 11, 80, 70, 70),
(311, 2013, 1, 51, 11, 80, 80, 80),
(312, 2013, 1, 52, 11, 70, 80, 70),
(313, 2013, 1, 53, 11, 70, 90, 70),
(314, 2013, 1, 54, 11, 90, 80, 70),
(315, 2013, 1, 55, 11, 80, 70, 90),
(316, 2013, 1, 56, 11, 90, 80, 80),
(317, 2013, 1, 9, 11, 80, 80, 70),
(318, 2013, 1, 57, 11, 70, 70, 80),
(319, 2013, 1, 58, 11, 70, 80, 80),
(320, 2013, 1, 59, 11, 80, 70, 60),
(321, 2013, 1, 60, 11, 90, 70, 70),
(322, 2013, 1, 61, 11, 90, 80, 70),
(323, 2013, 1, 62, 11, 80, 70, 80),
(324, 2013, 1, 63, 11, 80, 80, 80),
(325, 2013, 1, 64, 11, 70, 70, 70),
(326, 2013, 1, 4, 11, 90, 80, 70),
(327, 2013, 1, 65, 11, 80, 70, 80),
(328, 2013, 1, 66, 11, 90, 70, 80),
(329, 2013, 1, 67, 11, 80, 80, 70),
(330, 2013, 1, 68, 11, 80, 70, 70),
(331, 2013, 1, 69, 11, 70, 70, 80),
(332, 2013, 1, 70, 11, 70, 90, 80),
(333, 2013, 1, 71, 11, 80, 80, 60),
(334, 2013, 1, 72, 11, 80, 80, 80),
(335, 2013, 1, 73, 11, 70, 80, 90),
(336, 2013, 1, 74, 11, 90, 90, 90),
(337, 2013, 1, 75, 11, 80, 70, 80),
(338, 2013, 1, 76, 11, 80, 70, 80),
(339, 2013, 1, 77, 11, 80, 90, 70),
(340, 2013, 1, 78, 11, 90, 80, 80),
(341, 2013, 1, 79, 11, 90, 80, 80),
(342, 2013, 1, 80, 11, 80, 70, 70),
(343, 2013, 1, 81, 11, 70, 80, 80),
(344, 2013, 1, 82, 11, 70, 80, 80),
(345, 2013, 1, 83, 11, 90, 70, 70),
(346, 2013, 1, 84, 11, 80, 70, 70),
(347, 2013, 1, 85, 11, 70, 80, 80),
(348, 2013, 1, 86, 11, 70, 90, 90),
(349, 2013, 1, 87, 11, 90, 90, 80),
(350, 2013, 1, 88, 11, 80, 70, 80),
(351, 2013, 1, 89, 11, 80, 90, 70),
(352, 2013, 1, 90, 11, 80, 90, 70),
(353, 2013, 1, 91, 11, 90, 80, 80),
(354, 2013, 1, 3, 11, 80, 70, 80),
(355, 2013, 1, 92, 11, 70, 70, 70),
(356, 2013, 1, 93, 11, 70, 70, 80),
(357, 2013, 1, 94, 11, 90, 70, 70),
(358, 2013, 1, 95, 11, 80, 70, 80),
(359, 2013, 1, 96, 11, 80, 70, 70),
(360, 2013, 1, 97, 11, 90, 90, 90),
(361, 2013, 1, 98, 11, 80, 80, 80),
(362, 2013, 1, 99, 11, 80, 70, 80),
(363, 2013, 1, 100, 11, 90, 70, 80),
(364, 2013, 1, 101, 11, 90, 80, 80),
(365, 2013, 1, 110, 11, 90, 80, 80),
(366, 2013, 1, 102, 11, 80, 80, 70),
(367, 2013, 1, 103, 11, 80, 70, 70),
(368, 2013, 1, 104, 11, 80, 60, 70),
(369, 2013, 1, 105, 11, 80, 70, 90),
(370, 2013, 1, 106, 11, 80, 70, 90),
(371, 2013, 1, 107, 11, 80, 70, 80),
(372, 2013, 1, 108, 11, 80, 80, 70),
(373, 2013, 1, 109, 11, 90, 90, 90),
(374, 2013, 1, 6, 11, 80, 70, 80),
(375, 2013, 1, 111, 11, 80, 70, 80),
(376, 2013, 1, 112, 11, 70, 60, 80),
(377, 2013, 1, 113, 11, 60, 80, 80),
(378, 2013, 1, 10, 2, 80, 90, 80),
(379, 2013, 1, 11, 2, 70, 80, 80),
(380, 2013, 1, 12, 2, 80, 80, 70),
(381, 2013, 1, 13, 2, 80, 70, 70),
(382, 2013, 1, 14, 2, 70, 70, 70),
(383, 2013, 1, 15, 2, 80, 70, 60),
(384, 2013, 1, 16, 2, 60, 80, 70),
(385, 2013, 1, 17, 2, 70, 70, 70),
(386, 2013, 1, 18, 2, 80, 90, 90),
(387, 2013, 1, 19, 2, 80, 80, 80),
(388, 2013, 1, 20, 2, 70, 80, 70),
(389, 2013, 1, 21, 2, 70, 80, 80),
(390, 2013, 1, 22, 2, 80, 80, 80),
(391, 2013, 1, 23, 2, 80, 90, 80),
(392, 2013, 1, 24, 2, 70, 80, 80),
(393, 2013, 1, 25, 2, 80, 80, 80),
(394, 2013, 1, 26, 2, 70, 70, 80),
(395, 2013, 1, 27, 2, 70, 70, 60),
(396, 2013, 1, 28, 2, 70, 80, 70),
(397, 2013, 1, 29, 2, 90, 80, 80),
(398, 2013, 1, 30, 2, 80, 80, 80),
(399, 2013, 1, 31, 2, 80, 90, 90),
(400, 2013, 1, 32, 2, 90, 90, 90),
(401, 2013, 1, 33, 2, 70, 70, 80),
(402, 2013, 1, 34, 2, 80, 70, 70),
(403, 2013, 1, 35, 2, 80, 80, 80),
(404, 2013, 1, 36, 2, 80, 80, 60),
(405, 2013, 1, 37, 2, 80, 80, 70),
(406, 2013, 1, 38, 2, 90, 80, 70),
(407, 2013, 1, 39, 2, 90, 70, 70),
(408, 2013, 1, 40, 2, 90, 90, 80),
(409, 2013, 1, 41, 2, 90, 90, 80),
(410, 2013, 1, 42, 2, 90, 80, 80),
(411, 2013, 1, 43, 2, 80, 80, 80),
(412, 2013, 1, 44, 2, 80, 90, 90),
(413, 2013, 1, 45, 2, 70, 70, 80),
(414, 2013, 1, 49, 2, 70, 70, 80),
(415, 2013, 1, 46, 2, 80, 80, 80),
(416, 2013, 1, 47, 2, 80, 80, 70),
(417, 2013, 1, 48, 2, 80, 80, 70),
(418, 2013, 1, 50, 2, 90, 90, 80),
(419, 2013, 1, 51, 2, 90, 90, 80),
(420, 2013, 1, 52, 2, 80, 70, 70),
(421, 2013, 1, 53, 2, 80, 70, 80),
(422, 2013, 1, 54, 2, 90, 70, 80),
(423, 2013, 1, 55, 2, 80, 70, 80),
(424, 2013, 1, 56, 2, 70, 70, 80),
(425, 2013, 1, 57, 2, 60, 70, 70),
(426, 2013, 1, 58, 2, 80, 80, 80),
(427, 2013, 1, 59, 2, 80, 80, 80),
(428, 2013, 1, 60, 2, 80, 80, 80),
(429, 2013, 1, 61, 2, 80, 80, 80),
(430, 2013, 1, 62, 2, 90, 80, 80),
(431, 2013, 1, 63, 2, 90, 90, 80),
(432, 2013, 1, 64, 2, 80, 70, 70),
(433, 2013, 1, 65, 2, 80, 70, 70),
(434, 2013, 1, 66, 2, 90, 70, 80),
(435, 2013, 1, 67, 2, 90, 70, 70),
(436, 2013, 1, 68, 2, 70, 70, 80),
(437, 2013, 1, 69, 2, 60, 70, 80),
(438, 2013, 1, 70, 2, 80, 80, 70),
(439, 2013, 1, 71, 2, 80, 80, 80),
(440, 2013, 1, 72, 2, 70, 70, 80),
(441, 2013, 1, 73, 2, 70, 70, 80),
(442, 2013, 1, 74, 2, 70, 80, 60),
(443, 2013, 1, 75, 2, 60, 80, 60),
(444, 2013, 1, 76, 2, 90, 80, 90),
(445, 2013, 1, 77, 2, 90, 80, 90),
(446, 2013, 1, 78, 2, 80, 70, 90),
(447, 2013, 1, 79, 2, 80, 70, 80),
(448, 2013, 1, 80, 2, 80, 70, 80),
(449, 2013, 1, 81, 2, 80, 0, 80),
(450, 2013, 1, 82, 2, 70, 80, 70),
(451, 2013, 1, 83, 2, 70, 80, 70),
(452, 2013, 1, 84, 2, 70, 70, 80),
(453, 2013, 1, 85, 2, 70, 70, 80),
(454, 2013, 1, 86, 2, 70, 80, 70),
(455, 2013, 1, 87, 2, 60, 80, 70),
(456, 2013, 1, 88, 2, 90, 80, 90),
(457, 2013, 1, 89, 2, 90, 80, 90),
(458, 2013, 1, 90, 2, 90, 70, 90),
(459, 2013, 1, 91, 2, 80, 70, 90),
(460, 2013, 1, 92, 2, 80, 70, 80),
(461, 2013, 1, 93, 2, 80, 70, 80),
(462, 2013, 1, 94, 2, 70, 80, 70),
(463, 2013, 1, 95, 2, 80, 90, 80),
(464, 2013, 1, 96, 2, 80, 90, 90),
(465, 2013, 1, 97, 2, 80, 90, 90),
(466, 2013, 1, 98, 2, 80, 80, 80),
(467, 2013, 1, 99, 2, 80, 80, 80),
(468, 2013, 1, 100, 2, 80, 80, 80),
(469, 2013, 1, 101, 2, 80, 90, 70),
(470, 2013, 1, 110, 2, 80, 90, 70),
(471, 2013, 1, 102, 2, 80, 90, 70),
(472, 2013, 1, 103, 2, 80, 90, 70),
(473, 2013, 1, 104, 2, 80, 80, 90),
(474, 2013, 1, 105, 2, 80, 80, 90),
(475, 2013, 1, 106, 2, 80, 90, 80),
(476, 2013, 1, 107, 2, 80, 90, 90),
(477, 2013, 1, 108, 2, 80, 90, 90),
(478, 2013, 1, 109, 2, 80, 80, 80),
(479, 2013, 1, 111, 2, 70, 60, 90),
(480, 2013, 1, 112, 2, 70, 60, 60),
(481, 2013, 1, 113, 2, 70, 60, 70),
(482, 2013, 1, 7, 5, 80, 90, 60),
(483, 2013, 1, 10, 5, 80, 80, 80),
(484, 2013, 1, 11, 5, 80, 70, 80),
(485, 2013, 1, 12, 5, 80, 70, 80),
(486, 2013, 1, 2, 5, 80, 80, 80),
(487, 2013, 1, 13, 5, 80, 80, 90),
(488, 2013, 1, 14, 5, 90, 90, 90),
(489, 2013, 1, 5, 5, 90, 80, 70),
(490, 2013, 1, 15, 5, 90, 70, 70),
(491, 2013, 1, 16, 5, 90, 70, 80),
(492, 2013, 1, 17, 5, 90, 80, 80),
(493, 2013, 1, 18, 5, 80, 90, 80),
(494, 2013, 1, 19, 5, 80, 90, 70),
(495, 2013, 1, 20, 5, 80, 80, 70),
(496, 2013, 1, 21, 5, 80, 70, 70),
(497, 2013, 1, 22, 5, 80, 70, 80),
(498, 2013, 1, 23, 5, 80, 70, 70),
(499, 2013, 1, 24, 5, 80, 80, 80),
(500, 2013, 1, 25, 5, 80, 80, 90),
(501, 2013, 1, 26, 5, 90, 90, 70),
(502, 2013, 1, 27, 5, 90, 80, 70),
(503, 2013, 1, 28, 5, 90, 70, 80),
(504, 2013, 1, 29, 5, 80, 90, 80),
(505, 2013, 1, 30, 5, 80, 70, 80),
(506, 2013, 1, 31, 5, 80, 70, 90),
(507, 2013, 1, 32, 5, 80, 70, 80),
(508, 2013, 1, 33, 5, 80, 70, 80),
(509, 2013, 1, 34, 5, 80, 70, 80),
(510, 2013, 1, 35, 5, 80, 70, 70),
(511, 2013, 1, 36, 5, 70, 80, 80),
(512, 2013, 1, 37, 5, 70, 80, 80),
(513, 2013, 1, 38, 5, 70, 80, 70),
(514, 2013, 1, 39, 5, 70, 80, 60),
(515, 2013, 1, 40, 5, 80, 90, 80),
(516, 2013, 1, 41, 5, 80, 90, 80),
(517, 2013, 1, 42, 5, 80, 70, 80),
(518, 2013, 1, 43, 5, 80, 70, 80),
(519, 2013, 1, 44, 5, 80, 70, 80),
(520, 2013, 1, 45, 5, 80, 70, 80),
(521, 2013, 1, 49, 5, 80, 80, 80),
(522, 2013, 1, 46, 5, 80, 80, 80),
(523, 2013, 1, 47, 5, 80, 70, 70),
(524, 2013, 1, 48, 5, 70, 80, 90),
(525, 2013, 1, 50, 5, 80, 80, 70),
(526, 2013, 1, 8, 5, 80, 80, 70),
(527, 2013, 1, 51, 5, 80, 70, 80),
(528, 2013, 1, 52, 5, 70, 70, 80),
(529, 2013, 1, 53, 5, 70, 80, 80),
(530, 2013, 1, 54, 5, 70, 80, 80),
(531, 2013, 1, 55, 5, 70, 80, 70),
(532, 2013, 1, 56, 5, 80, 80, 80),
(533, 2013, 1, 9, 5, 80, 70, 70),
(534, 2013, 1, 57, 5, 70, 70, 80),
(535, 2013, 1, 58, 5, 70, 70, 80),
(536, 2013, 1, 59, 5, 70, 80, 80),
(537, 2013, 1, 60, 5, 70, 70, 70),
(538, 2013, 1, 61, 5, 80, 80, 70),
(539, 2013, 1, 62, 5, 80, 70, 80),
(540, 2013, 1, 63, 5, 70, 70, 80),
(541, 2013, 1, 64, 5, 70, 80, 80),
(542, 2013, 1, 4, 5, 80, 80, 80),
(543, 2013, 1, 65, 5, 70, 80, 70),
(544, 2013, 1, 66, 5, 70, 80, 80),
(545, 2013, 1, 67, 5, 80, 80, 70),
(546, 2013, 1, 68, 5, 80, 70, 80),
(547, 2013, 1, 69, 5, 70, 70, 80),
(548, 2013, 1, 70, 5, 80, 80, 80),
(549, 2013, 1, 71, 5, 70, 80, 80),
(550, 2013, 1, 72, 5, 80, 80, 80),
(551, 2013, 1, 73, 5, 60, 90, 90),
(552, 2013, 1, 74, 5, 80, 90, 80),
(553, 2013, 1, 75, 5, 70, 90, 80),
(554, 2013, 1, 76, 5, 70, 90, 80),
(555, 2013, 1, 77, 5, 80, 60, 70),
(556, 2013, 1, 78, 5, 80, 70, 80),
(557, 2013, 1, 79, 5, 80, 70, 70),
(558, 2013, 1, 80, 5, 70, 70, 70),
(559, 2013, 1, 81, 5, 70, 70, 80),
(560, 2013, 1, 82, 5, 70, 80, 80),
(561, 2013, 1, 83, 5, 90, 80, 80),
(562, 2013, 1, 84, 5, 90, 80, 80),
(563, 2013, 1, 85, 5, 80, 80, 90),
(564, 2013, 1, 86, 5, 80, 90, 90),
(565, 2013, 1, 87, 5, 80, 90, 80),
(566, 2013, 1, 88, 5, 70, 90, 80),
(567, 2013, 1, 89, 5, 80, 60, 80),
(568, 2013, 1, 90, 5, 80, 60, 80),
(569, 2013, 1, 91, 5, 80, 70, 70),
(570, 2013, 1, 3, 5, 80, 60, 70),
(571, 2013, 1, 92, 5, 70, 70, 80),
(572, 2013, 1, 93, 5, 70, 80, 80),
(573, 2013, 1, 94, 5, 90, 80, 80),
(574, 2013, 1, 95, 5, 80, 70, 70),
(575, 2013, 1, 96, 5, 80, 70, 70),
(576, 2013, 1, 97, 5, 70, 80, 80),
(577, 2013, 1, 98, 5, 80, 80, 80),
(578, 2013, 1, 99, 5, 80, 80, 80),
(579, 2013, 1, 100, 5, 80, 80, 70),
(580, 2013, 1, 101, 5, 80, 80, 70),
(581, 2013, 1, 110, 5, 70, 80, 70),
(582, 2013, 1, 102, 5, 70, 80, 70),
(583, 2013, 1, 103, 5, 70, 80, 70),
(584, 2013, 1, 104, 5, 70, 80, 70),
(585, 2013, 1, 105, 5, 70, 70, 80),
(586, 2013, 1, 106, 5, 70, 70, 80),
(587, 2013, 1, 107, 5, 80, 70, 70),
(588, 2013, 1, 108, 5, 70, 80, 80),
(589, 2013, 1, 109, 5, 80, 80, 80),
(590, 2013, 1, 6, 5, 80, 80, 80),
(591, 2013, 1, 111, 5, 90, 70, 70),
(592, 2013, 1, 112, 5, 90, 70, 80),
(593, 2013, 1, 113, 5, 90, 70, 80),
(594, 2013, 1, 111, 3, 80, 70, 70),
(595, 2013, 1, 112, 3, 80, 70, 80),
(596, 2013, 1, 113, 3, 80, 70, 80),
(597, 2013, 1, 10, 3, 80, 80, 80),
(598, 2013, 1, 11, 3, 70, 80, 80),
(599, 2013, 1, 12, 3, 70, 80, 80),
(600, 2013, 1, 13, 3, 80, 90, 80),
(601, 2013, 1, 14, 3, 80, 90, 80),
(602, 2013, 1, 15, 3, 90, 80, 70),
(603, 2013, 1, 16, 3, 90, 80, 90),
(604, 2013, 1, 17, 3, 90, 80, 90),
(605, 2013, 1, 18, 3, 70, 80, 90),
(606, 2013, 1, 19, 3, 70, 80, 90),
(607, 2013, 1, 20, 3, 70, 70, 80),
(608, 2013, 1, 21, 3, 80, 70, 70),
(609, 2013, 1, 22, 3, 80, 70, 80),
(610, 2013, 1, 23, 3, 80, 80, 80),
(611, 2013, 1, 24, 3, 70, 80, 70),
(612, 2013, 1, 25, 3, 80, 80, 70),
(613, 2013, 1, 26, 3, 80, 90, 80),
(614, 2013, 1, 27, 3, 80, 80, 70),
(615, 2013, 1, 28, 3, 90, 80, 90),
(616, 2013, 1, 29, 3, 80, 90, 90),
(617, 2013, 1, 30, 3, 70, 80, 90),
(618, 2013, 1, 31, 3, 80, 90, 80),
(619, 2013, 1, 32, 3, 90, 90, 80),
(620, 2013, 1, 33, 3, 80, 70, 80),
(621, 2013, 1, 34, 3, 70, 70, 90),
(622, 2013, 1, 35, 3, 70, 80, 90),
(623, 2013, 1, 36, 3, 60, 80, 80),
(624, 2013, 1, 37, 3, 70, 90, 80),
(625, 2013, 1, 38, 3, 70, 90, 80),
(626, 2013, 1, 39, 3, 70, 90, 80),
(627, 2013, 1, 40, 3, 90, 90, 80),
(628, 2013, 1, 41, 3, 70, 90, 80),
(629, 2013, 1, 42, 3, 70, 80, 90),
(630, 2013, 1, 43, 3, 80, 80, 90),
(631, 2013, 1, 44, 3, 80, 90, 80),
(632, 2013, 1, 45, 3, 80, 70, 80),
(633, 2013, 1, 49, 3, 70, 70, 90),
(634, 2013, 1, 46, 3, 70, 80, 90),
(635, 2013, 1, 47, 3, 60, 80, 90),
(636, 2013, 1, 48, 3, 60, 80, 80),
(637, 2013, 1, 50, 3, 70, 80, 70),
(638, 2013, 1, 51, 3, 70, 80, 70),
(639, 2013, 1, 52, 3, 90, 70, 70),
(640, 2013, 1, 53, 3, 90, 80, 80),
(641, 2013, 1, 54, 3, 90, 80, 80),
(642, 2013, 1, 55, 3, 90, 70, 70),
(643, 2013, 1, 56, 3, 80, 70, 80),
(644, 2013, 1, 57, 3, 80, 80, 80),
(645, 2013, 1, 58, 3, 80, 70, 80),
(646, 2013, 1, 59, 3, 80, 70, 80),
(647, 2013, 1, 60, 3, 80, 70, 80),
(648, 2013, 1, 61, 3, 80, 80, 80),
(649, 2013, 1, 62, 3, 70, 80, 80),
(650, 2013, 1, 63, 3, 70, 80, 70),
(651, 2013, 1, 64, 3, 90, 70, 80),
(652, 2013, 1, 65, 3, 90, 70, 70),
(653, 2013, 1, 66, 3, 90, 80, 80),
(654, 2013, 1, 67, 3, 90, 80, 70),
(655, 2013, 1, 68, 3, 90, 70, 70),
(656, 2013, 1, 69, 3, 80, 70, 80),
(657, 2013, 1, 70, 3, 90, 90, 80),
(658, 2013, 1, 71, 3, 80, 70, 80),
(659, 2013, 1, 72, 3, 90, 80, 70),
(660, 2013, 1, 73, 3, 80, 70, 80),
(661, 2013, 1, 74, 3, 80, 70, 80),
(662, 2013, 1, 75, 3, 80, 70, 80),
(663, 2013, 1, 76, 3, 80, 80, 80),
(664, 2013, 1, 77, 3, 80, 90, 80),
(665, 2013, 1, 78, 3, 80, 70, 70),
(666, 2013, 1, 79, 3, 90, 70, 80),
(667, 2013, 1, 80, 3, 90, 70, 80),
(668, 2013, 1, 81, 3, 90, 70, 80),
(669, 2013, 1, 82, 3, 80, 70, 80),
(670, 2013, 1, 83, 3, 80, 70, 70),
(671, 2013, 1, 84, 3, 90, 80, 70),
(672, 2013, 1, 85, 3, 90, 80, 80),
(673, 2013, 1, 86, 3, 80, 70, 80),
(674, 2013, 1, 87, 3, 80, 70, 80),
(675, 2013, 1, 88, 3, 80, 80, 80),
(676, 2013, 1, 89, 3, 80, 90, 80),
(677, 2013, 1, 90, 3, 80, 90, 70),
(678, 2013, 1, 91, 3, 90, 70, 70),
(679, 2013, 1, 92, 3, 90, 70, 80),
(680, 2013, 1, 93, 3, 90, 70, 80),
(681, 2013, 1, 94, 3, 80, 70, 80),
(682, 2013, 1, 95, 3, 90, 80, 80),
(683, 2013, 1, 96, 3, 70, 70, 90),
(684, 2013, 1, 97, 3, 90, 80, 90),
(685, 2013, 1, 98, 3, 90, 80, 80),
(686, 2013, 1, 99, 3, 90, 80, 80),
(687, 2013, 1, 100, 3, 80, 80, 80),
(688, 2013, 1, 101, 3, 80, 90, 80),
(689, 2013, 1, 110, 3, 80, 90, 70),
(690, 2013, 1, 102, 3, 80, 90, 70),
(691, 2013, 1, 103, 3, 80, 90, 70),
(692, 2013, 1, 104, 3, 80, 90, 90),
(693, 2013, 1, 105, 3, 80, 80, 80),
(694, 2013, 1, 106, 3, 90, 80, 80),
(695, 2013, 1, 107, 3, 70, 70, 90),
(696, 2013, 1, 108, 3, 90, 80, 90),
(697, 2013, 1, 109, 3, 90, 80, 90),
(698, 2013, 1, 111, 8, 90, 80, 80),
(699, 2013, 1, 112, 8, 90, 70, 70),
(700, 2013, 1, 113, 8, 90, 70, 70),
(701, 2013, 1, 10, 8, 80, 90, 90),
(702, 2013, 1, 11, 8, 80, 80, 70),
(703, 2013, 1, 12, 8, 70, 80, 80),
(704, 2013, 1, 13, 8, 80, 80, 70),
(705, 2013, 1, 14, 8, 80, 80, 90),
(706, 2013, 1, 15, 8, 90, 80, 90),
(707, 2013, 1, 16, 8, 90, 80, 90),
(708, 2013, 1, 17, 8, 90, 80, 90),
(709, 2013, 1, 18, 8, 80, 70, 80),
(710, 2013, 1, 19, 8, 80, 80, 80),
(711, 2013, 1, 20, 8, 0, 0, 80),
(712, 2013, 1, 21, 8, 80, 80, 80),
(713, 2013, 1, 22, 8, 80, 90, 90),
(714, 2013, 1, 23, 8, 80, 90, 90),
(715, 2013, 1, 24, 8, 70, 80, 80),
(716, 2013, 1, 25, 8, 70, 80, 70),
(717, 2013, 1, 26, 8, 80, 80, 70),
(718, 2013, 1, 27, 8, 80, 80, 90),
(719, 2013, 1, 28, 8, 90, 80, 90),
(720, 2013, 1, 29, 8, 70, 80, 80),
(721, 2013, 1, 30, 8, 80, 80, 80),
(722, 2013, 1, 31, 8, 70, 80, 70),
(723, 2013, 1, 32, 8, 70, 90, 80),
(724, 2013, 1, 33, 8, 90, 90, 80),
(725, 2013, 1, 34, 8, 80, 90, 80),
(726, 2013, 1, 35, 8, 80, 80, 80),
(727, 2013, 1, 36, 8, 80, 80, 80),
(728, 2013, 1, 37, 8, 80, 70, 80),
(729, 2013, 1, 38, 8, 70, 70, 80),
(730, 2013, 1, 39, 8, 70, 70, 80),
(731, 2013, 1, 40, 8, 70, 80, 90),
(732, 2013, 1, 41, 8, 70, 80, 90),
(733, 2013, 1, 42, 8, 80, 80, 80),
(734, 2013, 1, 43, 8, 80, 80, 70),
(735, 2013, 1, 44, 8, 70, 90, 80),
(736, 2013, 1, 45, 8, 90, 90, 80),
(737, 2013, 1, 49, 8, 90, 90, 80),
(738, 2013, 1, 46, 8, 80, 80, 80),
(739, 2013, 1, 47, 8, 80, 80, 80),
(740, 2013, 1, 48, 8, 80, 70, 80),
(741, 2013, 1, 50, 8, 70, 80, 70),
(742, 2013, 1, 51, 8, 70, 80, 70),
(743, 2013, 1, 52, 8, 80, 70, 80),
(744, 2013, 1, 53, 8, 70, 70, 70),
(745, 2013, 1, 54, 8, 70, 80, 80),
(746, 2013, 1, 55, 8, 80, 80, 80),
(747, 2013, 1, 56, 8, 80, 90, 70),
(748, 2013, 1, 57, 8, 80, 90, 70),
(749, 2013, 1, 58, 8, 70, 70, 80),
(750, 2013, 1, 59, 8, 80, 70, 80),
(751, 2013, 1, 60, 8, 80, 80, 80),
(752, 2013, 1, 61, 8, 80, 80, 80),
(753, 2013, 1, 62, 8, 80, 80, 80),
(754, 2013, 1, 63, 8, 70, 80, 70),
(755, 2013, 1, 64, 8, 80, 70, 80),
(756, 2013, 1, 65, 8, 80, 70, 80),
(757, 2013, 1, 66, 8, 70, 80, 70),
(758, 2013, 1, 67, 8, 70, 80, 80),
(759, 2013, 1, 68, 8, 80, 90, 70),
(760, 2013, 1, 69, 8, 80, 90, 70),
(761, 2013, 1, 70, 8, 80, 80, 80),
(762, 2013, 1, 71, 8, 70, 70, 80),
(763, 2013, 1, 95, 8, 80, 80, 80),
(764, 2013, 1, 96, 8, 80, 90, 80),
(765, 2013, 1, 97, 8, 80, 90, 80),
(766, 2013, 1, 98, 8, 80, 70, 70),
(767, 2013, 1, 99, 8, 80, 70, 70),
(768, 2013, 1, 100, 8, 80, 70, 70),
(769, 2013, 1, 101, 8, 80, 80, 70),
(770, 2013, 1, 110, 8, 80, 80, 70),
(771, 2013, 1, 102, 8, 80, 80, 70),
(772, 2013, 1, 103, 8, 80, 80, 70),
(773, 2013, 1, 104, 8, 80, 70, 90),
(774, 2013, 1, 105, 8, 80, 70, 90),
(775, 2013, 1, 106, 8, 80, 80, 80),
(776, 2013, 1, 107, 8, 80, 90, 80),
(777, 2013, 1, 108, 8, 80, 90, 80),
(778, 2013, 1, 109, 8, 80, 70, 70),
(779, 2013, 1, 72, 8, 90, 80, 90),
(780, 2013, 1, 73, 8, 90, 70, 90),
(781, 2013, 1, 74, 8, 80, 70, 80),
(782, 2013, 1, 75, 8, 80, 70, 80),
(783, 2013, 1, 76, 8, 80, 70, 80),
(784, 2013, 1, 77, 8, 70, 70, 70),
(785, 2013, 1, 78, 8, 70, 80, 70),
(786, 2013, 1, 79, 8, 70, 80, 90),
(787, 2013, 1, 80, 8, 90, 80, 90),
(788, 2013, 1, 81, 8, 90, 80, 90),
(789, 2013, 1, 82, 8, 70, 70, 80),
(790, 2013, 1, 83, 8, 90, 70, 80),
(791, 2013, 1, 84, 8, 90, 80, 90),
(792, 2013, 1, 85, 8, 90, 80, 90),
(793, 2013, 1, 86, 8, 80, 70, 90),
(794, 2013, 1, 87, 8, 80, 70, 80),
(795, 2013, 1, 88, 8, 80, 70, 80),
(796, 2013, 1, 89, 8, 70, 70, 70),
(797, 2013, 1, 90, 8, 70, 70, 70),
(798, 2013, 1, 91, 8, 70, 80, 70),
(799, 2013, 1, 92, 8, 90, 80, 90),
(800, 2013, 1, 93, 8, 90, 80, 90),
(801, 2013, 1, 94, 8, 70, 70, 80),
(802, 2013, 1, 111, 9, 80, 70, 80),
(803, 2013, 1, 112, 9, 80, 70, 80),
(804, 2013, 1, 113, 9, 80, 90, 80),
(805, 2013, 1, 95, 9, 90, 80, 80),
(806, 2013, 1, 96, 9, 70, 70, 80),
(807, 2013, 1, 97, 9, 80, 80, 80),
(808, 2013, 1, 98, 9, 80, 80, 70),
(809, 2013, 1, 99, 9, 80, 80, 70),
(810, 2013, 1, 100, 9, 90, 80, 70),
(811, 2013, 1, 101, 9, 90, 70, 80),
(812, 2013, 1, 110, 9, 90, 70, 80),
(813, 2013, 1, 102, 9, 90, 70, 80),
(814, 2013, 1, 103, 9, 90, 70, 80),
(815, 2013, 1, 104, 9, 80, 70, 90),
(816, 2013, 1, 105, 9, 80, 80, 90),
(817, 2013, 1, 106, 9, 80, 80, 80),
(818, 2013, 1, 107, 9, 70, 70, 80),
(819, 2013, 1, 108, 9, 70, 70, 80),
(820, 2013, 1, 109, 9, 80, 80, 80),
(821, 2013, 1, 72, 9, 90, 80, 60),
(822, 2013, 1, 73, 9, 90, 80, 60),
(823, 2013, 1, 74, 9, 80, 70, 80),
(824, 2013, 1, 75, 9, 80, 70, 80),
(825, 2013, 1, 76, 9, 80, 80, 70),
(826, 2013, 1, 77, 9, 80, 80, 70),
(827, 2013, 1, 78, 9, 80, 70, 80),
(828, 2013, 1, 79, 9, 80, 70, 80),
(829, 2013, 1, 80, 9, 70, 80, 70),
(830, 2013, 1, 81, 9, 70, 80, 70),
(831, 2013, 1, 82, 9, 80, 70, 70),
(832, 2013, 1, 83, 9, 80, 70, 90),
(833, 2013, 1, 84, 9, 90, 80, 80),
(834, 2013, 1, 85, 9, 90, 80, 70),
(835, 2013, 1, 86, 9, 80, 70, 60),
(836, 2013, 1, 87, 9, 80, 70, 80),
(837, 2013, 1, 88, 9, 80, 80, 70),
(838, 2013, 1, 89, 9, 80, 80, 70),
(839, 2013, 1, 90, 9, 80, 70, 80),
(840, 2013, 1, 91, 9, 80, 70, 80),
(841, 2013, 1, 92, 9, 70, 80, 70),
(842, 2013, 1, 93, 9, 70, 80, 70),
(843, 2013, 1, 94, 9, 80, 70, 70),
(844, 2013, 1, 50, 9, 80, 80, 70),
(845, 2013, 1, 51, 9, 80, 70, 70),
(846, 2013, 1, 52, 9, 70, 80, 70),
(847, 2013, 1, 53, 9, 70, 80, 90),
(848, 2013, 1, 54, 9, 80, 80, 80),
(849, 2013, 1, 55, 9, 70, 80, 70),
(850, 2013, 1, 56, 9, 70, 90, 70),
(851, 2013, 1, 57, 9, 60, 90, 70),
(852, 2013, 1, 58, 9, 70, 70, 60),
(853, 2013, 1, 59, 9, 80, 80, 70),
(854, 2013, 1, 60, 9, 80, 80, 80),
(855, 2013, 1, 61, 9, 70, 70, 80),
(856, 2013, 1, 62, 9, 80, 70, 80),
(857, 2013, 1, 63, 9, 80, 80, 70),
(858, 2013, 1, 64, 9, 80, 70, 70),
(859, 2013, 1, 65, 9, 70, 80, 90),
(860, 2013, 1, 66, 9, 80, 80, 80),
(861, 2013, 1, 67, 9, 80, 80, 80),
(862, 2013, 1, 68, 9, 70, 90, 70),
(863, 2013, 1, 69, 9, 60, 90, 70),
(864, 2013, 1, 70, 9, 70, 60, 70),
(865, 2013, 1, 71, 9, 80, 70, 70),
(866, 2013, 1, 29, 9, 90, 90, 80),
(867, 2013, 1, 30, 9, 90, 80, 80),
(868, 2013, 1, 31, 9, 80, 80, 80),
(869, 2013, 1, 32, 9, 80, 80, 80),
(870, 2013, 1, 33, 9, 80, 70, 70),
(871, 2013, 1, 34, 9, 90, 80, 90),
(872, 2013, 1, 35, 9, 80, 80, 90),
(873, 2013, 1, 36, 9, 80, 70, 80),
(874, 2013, 1, 37, 9, 90, 70, 80),
(875, 2013, 1, 38, 9, 90, 70, 80),
(876, 2013, 1, 39, 9, 90, 70, 80),
(877, 2013, 1, 40, 9, 90, 90, 80),
(878, 2013, 1, 41, 9, 90, 90, 80),
(879, 2013, 1, 42, 9, 90, 90, 80),
(880, 2013, 1, 43, 9, 80, 80, 80),
(881, 2013, 1, 44, 9, 80, 80, 80),
(882, 2013, 1, 45, 9, 70, 70, 70),
(883, 2013, 1, 49, 9, 90, 70, 90),
(884, 2013, 1, 46, 9, 80, 80, 90),
(885, 2013, 1, 47, 9, 80, 70, 80),
(886, 2013, 1, 48, 9, 80, 70, 80),
(887, 2013, 1, 10, 9, 90, 80, 80),
(888, 2013, 1, 11, 9, 80, 70, 70),
(889, 2013, 1, 12, 9, 80, 70, 70),
(890, 2013, 1, 13, 9, 80, 80, 90),
(891, 2013, 1, 14, 9, 80, 80, 80),
(892, 2013, 1, 15, 9, 80, 80, 70),
(893, 2013, 1, 16, 9, 80, 80, 70),
(894, 2013, 1, 17, 9, 80, 80, 60),
(895, 2013, 1, 18, 9, 80, 80, 80),
(896, 2013, 1, 19, 9, 80, 80, 90),
(897, 2013, 1, 20, 9, 70, 80, 90),
(898, 2013, 1, 21, 9, 70, 80, 80),
(899, 2013, 1, 22, 9, 90, 80, 80),
(900, 2013, 1, 23, 9, 90, 80, 80),
(901, 2013, 1, 24, 9, 80, 70, 70),
(902, 2013, 1, 25, 9, 80, 70, 70),
(903, 2013, 1, 26, 9, 80, 80, 80),
(904, 2013, 1, 27, 9, 80, 80, 70),
(905, 2013, 1, 28, 9, 80, 80, 60),
(906, 2013, 1, 7, 10, 70, 70, 70),
(907, 2013, 1, 10, 10, 80, 70, 80),
(908, 2013, 1, 11, 10, 80, 80, 70),
(909, 2013, 1, 12, 10, 70, 80, 70),
(910, 2013, 1, 2, 10, 80, 80, 70),
(911, 2013, 1, 13, 10, 80, 80, 80),
(912, 2013, 1, 14, 10, 80, 90, 80),
(913, 2013, 1, 5, 10, 70, 90, 80),
(914, 2013, 1, 15, 10, 70, 90, 70),
(915, 2013, 1, 16, 10, 60, 90, 70),
(916, 2013, 1, 17, 10, 60, 90, 70),
(917, 2013, 1, 18, 10, 90, 70, 70),
(918, 2013, 1, 19, 10, 90, 70, 70),
(919, 2013, 1, 20, 10, 70, 70, 80),
(920, 2013, 1, 21, 10, 80, 80, 80),
(921, 2013, 1, 22, 10, 70, 80, 70),
(922, 2013, 1, 23, 10, 70, 80, 80),
(923, 2013, 1, 24, 10, 80, 80, 80),
(924, 2013, 1, 25, 10, 80, 80, 80),
(925, 2013, 1, 26, 10, 80, 90, 80),
(926, 2013, 1, 27, 10, 70, 90, 80),
(927, 2013, 1, 28, 10, 70, 90, 70),
(928, 2013, 1, 29, 10, 80, 80, 90),
(929, 2013, 1, 30, 10, 80, 90, 80),
(930, 2013, 1, 31, 10, 80, 90, 80),
(931, 2013, 1, 32, 10, 80, 80, 80),
(932, 2013, 1, 33, 10, 90, 80, 80),
(933, 2013, 1, 34, 10, 90, 80, 70),
(934, 2013, 1, 35, 10, 80, 80, 80),
(935, 2013, 1, 36, 10, 80, 90, 80),
(936, 2013, 1, 37, 10, 70, 90, 70),
(937, 2013, 1, 38, 10, 70, 90, 70),
(938, 2013, 1, 39, 10, 70, 90, 70),
(939, 2013, 1, 40, 10, 80, 80, 80),
(940, 2013, 1, 41, 10, 80, 80, 90),
(941, 2013, 1, 42, 10, 80, 80, 90),
(942, 2013, 1, 43, 10, 80, 90, 80),
(943, 2013, 1, 44, 10, 80, 90, 80),
(944, 2013, 1, 45, 10, 90, 80, 80),
(945, 2013, 1, 49, 10, 90, 80, 70),
(946, 2013, 1, 46, 10, 90, 80, 70),
(947, 2013, 1, 47, 10, 80, 90, 80),
(948, 2013, 1, 48, 10, 80, 90, 80),
(949, 2013, 1, 50, 10, 80, 90, 90),
(950, 2013, 1, 8, 10, 70, 90, 80),
(951, 2013, 1, 51, 10, 70, 70, 80),
(952, 2013, 1, 52, 10, 80, 70, 70),
(953, 2013, 1, 53, 10, 80, 70, 70),
(954, 2013, 1, 54, 10, 80, 80, 80),
(955, 2013, 1, 55, 10, 80, 80, 80),
(956, 2013, 1, 56, 10, 80, 80, 90),
(957, 2013, 1, 9, 10, 70, 70, 90),
(958, 2013, 1, 57, 10, 70, 70, 90),
(959, 2013, 1, 58, 10, 60, 70, 80),
(960, 2013, 1, 59, 10, 70, 70, 80),
(961, 2013, 1, 60, 10, 80, 80, 90),
(962, 2013, 1, 61, 10, 70, 90, 80),
(963, 2013, 1, 62, 10, 70, 70, 80),
(964, 2013, 1, 63, 10, 80, 70, 70),
(965, 2013, 1, 64, 10, 80, 70, 70),
(966, 2013, 1, 4, 10, 80, 70, 70),
(967, 2013, 1, 65, 10, 80, 80, 80),
(968, 2013, 1, 66, 10, 80, 80, 80),
(969, 2013, 1, 67, 10, 70, 70, 90),
(970, 2013, 1, 68, 10, 70, 70, 90),
(971, 2013, 1, 69, 10, 60, 70, 80),
(972, 2013, 1, 70, 10, 70, 70, 80),
(973, 2013, 1, 71, 10, 80, 80, 80),
(974, 2013, 1, 72, 10, 70, 80, 80),
(975, 2013, 1, 73, 10, 70, 90, 80),
(976, 2013, 1, 74, 10, 80, 90, 80),
(977, 2013, 1, 75, 10, 70, 90, 80),
(978, 2013, 1, 76, 10, 70, 70, 80),
(979, 2013, 1, 77, 10, 80, 70, 80),
(980, 2013, 1, 78, 10, 80, 70, 80),
(981, 2013, 1, 79, 10, 80, 70, 90),
(982, 2013, 1, 80, 10, 90, 80, 80),
(983, 2013, 1, 81, 10, 90, 80, 70),
(984, 2013, 1, 82, 10, 90, 80, 70),
(985, 2013, 1, 83, 10, 90, 80, 80),
(986, 2013, 1, 84, 10, 80, 80, 80),
(987, 2013, 1, 85, 10, 70, 90, 80),
(988, 2013, 1, 86, 10, 80, 90, 80),
(989, 2013, 1, 87, 10, 80, 90, 70),
(990, 2013, 1, 88, 10, 70, 70, 80),
(991, 2013, 1, 89, 10, 80, 70, 80),
(992, 2013, 1, 90, 10, 80, 70, 80),
(993, 2013, 1, 91, 10, 80, 70, 90),
(994, 2013, 1, 3, 10, 90, 80, 80),
(995, 2013, 1, 92, 10, 90, 80, 80),
(996, 2013, 1, 93, 10, 90, 80, 70),
(997, 2013, 1, 94, 10, 90, 80, 80),
(998, 2013, 1, 95, 10, 70, 60, 80),
(999, 2013, 1, 96, 10, 70, 70, 70),
(1000, 2013, 1, 97, 10, 90, 80, 70),
(1001, 2013, 1, 98, 10, 80, 80, 80),
(1002, 2013, 1, 99, 10, 80, 80, 80),
(1003, 2013, 1, 100, 10, 80, 80, 80),
(1004, 2013, 1, 101, 10, 70, 80, 80),
(1005, 2013, 1, 110, 10, 70, 70, 70),
(1006, 2013, 1, 102, 10, 70, 70, 60),
(1007, 2013, 1, 103, 10, 70, 70, 70),
(1008, 2013, 1, 104, 10, 70, 70, 60),
(1009, 2013, 1, 105, 10, 80, 80, 80),
(1010, 2013, 1, 106, 10, 70, 80, 80),
(1011, 2013, 1, 107, 10, 70, 60, 70),
(1012, 2013, 1, 108, 10, 80, 80, 70),
(1013, 2013, 1, 109, 10, 90, 80, 70),
(1014, 2013, 1, 6, 10, 80, 80, 80),
(1015, 2013, 1, 111, 10, 80, 80, 90),
(1016, 2013, 1, 112, 10, 70, 80, 70),
(1017, 2013, 1, 113, 10, 70, 80, 60),
(1018, 2013, 1, 111, 12, 80, 90, 80),
(1019, 2013, 1, 112, 12, 70, 80, 70),
(1020, 2013, 1, 113, 12, 60, 80, 70),
(1021, 2013, 1, 95, 12, 80, 80, 80),
(1022, 2013, 1, 96, 12, 70, 80, 80),
(1023, 2013, 1, 97, 12, 80, 80, 90),
(1024, 2013, 1, 98, 12, 80, 90, 90),
(1025, 2013, 1, 99, 12, 70, 80, 90),
(1026, 2013, 1, 100, 12, 70, 80, 80),
(1027, 2013, 1, 101, 12, 70, 80, 80),
(1028, 2013, 1, 110, 12, 80, 80, 80),
(1029, 2013, 1, 102, 12, 80, 90, 70),
(1030, 2013, 1, 103, 12, 80, 90, 80),
(1031, 2013, 1, 104, 12, 80, 90, 70),
(1032, 2013, 1, 105, 12, 70, 90, 90),
(1033, 2013, 1, 106, 12, 80, 80, 90),
(1034, 2013, 1, 107, 12, 70, 80, 80),
(1035, 2013, 1, 108, 12, 70, 80, 90),
(1036, 2013, 1, 109, 12, 80, 90, 90),
(1037, 2013, 1, 6, 12, 70, 90, 90),
(1038, 2013, 1, 72, 12, 90, 80, 70),
(1039, 2013, 1, 73, 12, 80, 80, 80),
(1040, 2013, 1, 74, 12, 80, 90, 70),
(1041, 2013, 1, 75, 12, 80, 70, 70),
(1042, 2013, 1, 76, 12, 80, 70, 80),
(1043, 2013, 1, 77, 12, 70, 80, 80),
(1044, 2013, 1, 78, 12, 70, 80, 70),
(1045, 2013, 1, 79, 12, 70, 70, 90),
(1046, 2013, 1, 80, 12, 90, 80, 80),
(1047, 2013, 1, 81, 12, 80, 70, 80),
(1048, 2013, 1, 82, 12, 70, 70, 80),
(1049, 2013, 1, 83, 12, 90, 80, 70),
(1050, 2013, 1, 84, 12, 90, 80, 70),
(1051, 2013, 1, 85, 12, 90, 80, 90),
(1052, 2013, 1, 86, 12, 80, 90, 80),
(1053, 2013, 1, 87, 12, 80, 90, 80),
(1054, 2013, 1, 88, 12, 80, 70, 80),
(1055, 2013, 1, 89, 12, 70, 80, 80),
(1056, 2013, 1, 90, 12, 70, 80, 70),
(1057, 2013, 1, 91, 12, 70, 80, 90),
(1058, 2013, 1, 3, 12, 90, 70, 80),
(1059, 2013, 1, 92, 12, 80, 80, 80),
(1060, 2013, 1, 93, 12, 80, 70, 80),
(1061, 2013, 1, 94, 12, 90, 80, 80),
(1062, 2013, 1, 50, 12, 90, 80, 80),
(1063, 2013, 1, 8, 12, 90, 80, 80),
(1064, 2013, 1, 51, 12, 90, 80, 80),
(1065, 2013, 1, 52, 12, 80, 90, 70),
(1066, 2013, 1, 53, 12, 80, 90, 70),
(1067, 2013, 1, 54, 12, 80, 90, 80),
(1068, 2013, 1, 55, 12, 90, 90, 80),
(1069, 2013, 1, 56, 12, 90, 90, 80),
(1070, 2013, 1, 9, 12, 80, 80, 90),
(1071, 2013, 1, 57, 12, 70, 80, 90),
(1072, 2013, 1, 58, 12, 70, 80, 90),
(1073, 2013, 1, 59, 12, 80, 80, 80),
(1074, 2013, 1, 60, 12, 90, 80, 80),
(1075, 2013, 1, 61, 12, 90, 80, 80),
(1076, 2013, 1, 62, 12, 90, 80, 80),
(1077, 2013, 1, 63, 12, 80, 80, 70),
(1078, 2013, 1, 64, 12, 80, 90, 70),
(1079, 2013, 1, 4, 12, 80, 90, 80),
(1080, 2013, 1, 65, 12, 80, 90, 80),
(1081, 2013, 1, 66, 12, 90, 90, 80),
(1082, 2013, 1, 67, 12, 90, 90, 80),
(1083, 2013, 1, 68, 12, 80, 80, 90),
(1084, 2013, 1, 69, 12, 70, 80, 90),
(1085, 2013, 1, 70, 12, 70, 70, 80),
(1086, 2013, 1, 71, 12, 90, 80, 80),
(1087, 2013, 1, 29, 12, 80, 70, 80),
(1088, 2013, 1, 30, 12, 80, 70, 80),
(1089, 2013, 1, 31, 12, 70, 60, 80),
(1090, 2013, 1, 32, 12, 70, 70, 80),
(1091, 2013, 1, 33, 12, 90, 70, 70),
(1092, 2013, 1, 34, 12, 90, 80, 70),
(1093, 2013, 1, 35, 12, 90, 80, 90),
(1094, 2013, 1, 36, 12, 80, 90, 80),
(1095, 2013, 1, 37, 12, 80, 70, 80),
(1096, 2013, 1, 38, 12, 80, 70, 80),
(1097, 2013, 1, 39, 12, 80, 70, 80),
(1098, 2013, 1, 40, 12, 80, 70, 80),
(1099, 2013, 1, 41, 12, 80, 70, 80),
(1100, 2013, 1, 42, 12, 80, 60, 80),
(1101, 2013, 1, 43, 12, 80, 60, 80),
(1102, 2013, 1, 44, 12, 70, 60, 80),
(1103, 2013, 1, 45, 12, 90, 70, 70),
(1104, 2013, 1, 49, 12, 90, 70, 70),
(1105, 2013, 1, 46, 12, 90, 80, 90),
(1106, 2013, 1, 47, 12, 80, 90, 90),
(1107, 2013, 1, 48, 12, 80, 90, 80),
(1108, 2013, 1, 7, 12, 80, 80, 80),
(1109, 2013, 1, 10, 12, 80, 80, 80),
(1110, 2013, 1, 11, 12, 90, 90, 70),
(1111, 2013, 1, 12, 12, 90, 90, 70),
(1112, 2013, 1, 2, 12, 80, 90, 70),
(1113, 2013, 1, 13, 12, 80, 90, 90),
(1114, 2013, 1, 14, 12, 80, 90, 90),
(1115, 2013, 1, 5, 12, 80, 70, 80),
(1116, 2013, 1, 15, 12, 70, 70, 80),
(1117, 2013, 1, 16, 12, 70, 70, 80),
(1118, 2013, 1, 17, 12, 70, 70, 80),
(1119, 2013, 1, 18, 12, 80, 80, 90),
(1120, 2013, 1, 19, 12, 80, 80, 80),
(1121, 2013, 1, 20, 12, 80, 80, 80),
(1122, 2013, 1, 21, 12, 90, 80, 70),
(1123, 2013, 1, 22, 12, 90, 90, 70),
(1124, 2013, 1, 23, 12, 90, 90, 70),
(1125, 2013, 1, 24, 12, 80, 90, 70),
(1126, 2013, 1, 25, 12, 80, 90, 90),
(1127, 2013, 1, 26, 12, 80, 90, 90),
(1128, 2013, 1, 27, 12, 70, 70, 80),
(1129, 2013, 1, 28, 12, 70, 70, 80);

-- --------------------------------------------------------

--
-- Table structure for table `homeroom`
--

CREATE TABLE IF NOT EXISTS `homeroom` (
`id` int(11) NOT NULL,
  `tahun` int(11) NOT NULL,
  `semester` int(11) NOT NULL,
  `teacher_id` int(11) NOT NULL
) ENGINE=MyISAM  DEFAULT CHARSET=latin1 AUTO_INCREMENT=8 ;

--
-- Dumping data for table `homeroom`
--

INSERT INTO `homeroom` (`id`, `tahun`, `semester`, `teacher_id`) VALUES
(2, 2013, 1, 14),
(3, 2013, 1, 13),
(7, 2014, 1, 7),
(6, 2014, 1, 12);

-- --------------------------------------------------------

--
-- Table structure for table `student`
--

CREATE TABLE IF NOT EXISTS `student` (
`id` int(11) NOT NULL,
  `class_level_id` int(11) NOT NULL,
  `name` varchar(50) NOT NULL,
  `passwd` varchar(255) NOT NULL,
  `nis` varchar(50) NOT NULL,
  `nisn` varchar(50) NOT NULL,
  `address` varchar(255) NOT NULL,
  `birthdate` date NOT NULL,
  `birthplace` varchar(50) NOT NULL,
  `gender` varchar(10) NOT NULL,
  `phone` varchar(50) NOT NULL
) ENGINE=MyISAM  DEFAULT CHARSET=latin1 AUTO_INCREMENT=114 ;

--
-- Dumping data for table `student`
--

INSERT INTO `student` (`id`, `class_level_id`, `name`, `passwd`, `nis`, `nisn`, `address`, `birthdate`, `birthplace`, `gender`, `phone`) VALUES
(2, 1, 'Budiman', 'af800a90a03cbaeba5ec7b46e4c7bb36', '3230', '215488', 'Malang', '2014-08-26', 'Surabaya', 'l', '-'),
(3, 5, 'siska dila', '44bc3394bb91d09d5e965100cdd00c46', '3208', '00221144', 'malang', '2014-08-01', 'malang', 'p', '-'),
(4, 2, 'satria', 'ead13e4db05872e4fe844b3684b76758', '3190', '', 'kalipare', '2001-07-03', 'malang', 'l', '0341777444'),
(5, 1, 'dio budi', 'f37e3203cb9c5de1e6751cd56fb8b683', '3229', '', 'kalipare', '2000-03-01', 'malang', 'l', '-'),
(6, 3, 'yesi', 'd29148bd6877c2769251f69ff70f6d2d', '3012', '', 'kalipare', '2000-10-10', 'malang', 'p', '-'),
(7, 1, 'albertus erick', '82732365fdb593de38e7efd16cb3b5f3', '3220', '', 'Pangganglele', '2002-02-04', 'malang', 'l', '-'),
(8, 2, 'andreas', '7999367ab78ddc46660cfcef8c5bc193', '3023', '', 'barisan', '2001-07-13', 'malang', 'l', '-'),
(9, 2, 'hayu pranitis', '4d63866b63757c721087b74f495cf8fe', '3187', '', 'kedungwaru', '2001-04-01', 'malang', 'p', '-'),
(10, 1, 'aloysius bryan', 'f70adb82c88c7126227900e0d518ddf8', '3222', '', 'arjosari', '2002-01-01', 'malang', 'l', '-'),
(11, 1, 'andreas priambodo', 'a473e376c2fffa663ddc4b29ce501c5a', '3223', '', 'arjowilangun', '2002-02-04', 'malang', 'l', '-'),
(12, 1, 'berlin iga', '9f1705b0f7f2ce1b19f45a3a43f1927c', '3225', '', 'malang', '2002-03-04', 'malang', 'p', '-'),
(13, 1, 'cacan diki', '06ec39cc195933d9678e90bd7b9faca8', '3226', '', 'arjowilangun', '2002-02-14', 'malang', 'l', '-'),
(14, 1, 'checilia yoppy', 'e7d52c7495f4bf57cbfa119ed21dadf2', '3227', '', 'arjowilangun', '2002-08-05', 'malang', 'l', '-'),
(15, 1, 'dionesia regita', '5fc413dd38bf7693eb7672df666b5421', '3230', '', 'arjosari', '2002-06-20', 'malang', 'p', '-'),
(16, 1, 'floriberta dewi', '2bc91d8fca3611618556218e64979fe9', '3235', '', 'arjosari', '2002-03-07', 'malang', 'p', '-'),
(17, 1, 'irga wahyu', 'c1d73de3cf91c32117eb916dc18a2a04', '3236', '', 'malang', '2001-04-18', 'malang', 'l', '-'),
(18, 1, 'lorentius dito', '2ef67d166f5c9b5d6420093b7afc85a1', '3239', '', 'arjowilangun', '2002-12-10', 'malang', 'l', '-'),
(19, 1, 'mirlanda justisya', '4a88c71ec1c8242677a1c12dfbd9425a', '3242', '', 'malang', '2002-06-22', 'malang', 'p', '-'),
(20, 1, 'nico septiyan', '2db13bae1744449333d3afa6d4e291df', '3244', '', 'arjosari', '2002-03-17', 'malang', 'l', '-'),
(21, 1, 'odelia tata', '5ad7fdd988a1c1cf281b89a10cdedfaf', '3245', '', 'arjowilangun', '2002-04-06', 'malang', 'p', '-'),
(22, 1, 'refi sesilia', '53bb509e72dc18368b9bbe9dee9c1b8c', '3247', '', 'arjowilangun', '2002-08-26', 'malang', 'p', '-'),
(23, 1, 'resa safitri', '01913495693d538d5f4a36b861013d2d', '3248', '', 'arjosari', '2002-10-15', 'malang', 'p', '-'),
(24, 1, 'rica kusuma', 'b581e86bd519c0731bd12508707118f8', '3249', '', 'arjowilangun', '2003-09-19', 'malang', 'p', '-'),
(25, 1, 'rivane putri', '0cdfbb4af2bddc78c058e0407fc27ee3', '3250', '', 'arjosari', '2003-12-27', 'malang', 'p', '-'),
(26, 1, 'sabrilla ories', 'bb0f9f29411d9dd3be04dbb1ae200209', '3251', '', 'arjowilangun', '2002-09-15', 'malang', 'p', '-'),
(27, 1, 'sindi prasasti', 'ea23bb9703766262a68d1d2958f69ab7', '3254', '', 'arjowilangun', '2002-07-04', 'malang', 'p', '-'),
(28, 1, 'yulio estrada', 'f6addbea5f7195c35e7b664a69bbe716', '3258', '', 'arjowilangun', '2002-01-11', 'malang', 'l', '-'),
(29, 4, 'aditya virawati', '8ec0cc4c5bbf708c624368fd57051467', '3218', '', 'arjowilangun', '2002-03-02', 'malang', 'p', '-'),
(30, 4, 'agung cahyo', 'b645a8bd9be812ca1fa4e48fdf2a35bd', '3219', '', 'arjosari', '2002-01-19', 'malang', 'l', '-'),
(31, 4, 'alden thio', 'aff0effeadcdb345b4cbaab219907c84', '3221', '', 'arjowilangun', '2002-07-02', 'malang', 'l', '-'),
(32, 4, 'antonius riki', '33abb1bf7232eafd806ebc6b76da8268', '3224', '', 'arjowilangun', '2002-08-01', 'malang', 'l', '-'),
(33, 4, 'dika indahsari', 'e2e12b7810e753e69a3a66bea8a762b3', '3228', '', 'arjowilangun', '2002-11-13', 'malang', 'p', '-'),
(34, 4, 'dwi wulandari', '63b07c9dea148dca38edb395bacbb41f', '3231', '', 'arjowilangun', '2002-05-04', 'malang', 'p', '-'),
(35, 4, 'emilia dewi', '2177e443042566d4a0ba8e6b2e8f531f', '3232', '', 'arjowilangun', '2002-11-01', 'malang', 'p', '-'),
(36, 4, 'emilia maulidia', 'a6b2fd336d1a69b7a7a8a760c0849694', '3233', '', 'arjowilangun', '2002-08-03', 'malang', 'p', '-'),
(37, 4, 'erangga dwi', '7dd948280a455b489ca5073694e169a2', '3234', '', 'arjowilangun', '2002-09-16', 'malang', 'l', '-'),
(38, 4, 'jody setiawan', 'ddb0e17540f719036dbae25da7ddc2d2', '3237', '', 'arjosari', '2002-04-30', 'malang', 'l', '-'),
(39, 4, 'leonardus agung', 'af51eb94efd69ded13f31614726e342b', '3238', '', 'arjowilangun', '2002-09-18', 'malang', 'l', '-'),
(40, 4, 'ludvika nur', '639bbaff42630045f52deaf3e50ad63a', '3240', '', 'arjowilangun', '2002-08-02', 'malang', 'p', '-'),
(41, 4, 'maria clara', '29a66516b8302917b8c2e6d03fccb425', '3241', '', 'arjosari', '2002-01-31', 'malang', 'p', '-'),
(42, 4, 'muhammad wahyu', 'c11ffcc175ac939a1a655a6db99e4269', '3243', '', 'arjowilangun', '2002-03-07', 'malang', 'l', '-'),
(43, 4, 'petros bima', 'ad319fdb61e305a096ab7bc420ced0f5', '3246', '', 'arjowilangun', '2002-11-01', 'malang', 'l', '-'),
(44, 4, 'selvi eka', '6fd9a9bd1402fa0944142a02882d1018', '3252', '', 'arjosari', '2002-09-03', 'malang', 'p', '-'),
(45, 4, 'sindu pamungkas', '1a0812d2873aa8bcc9f0004c3576a16b', '3253', '', 'arjowilangun', '2002-06-07', 'malang', 'l', '-'),
(46, 4, 'talita beta', '084b0099be1ad75c6eb97df5b15b5ae4', '3255', '', 'arjosari', '2002-04-26', 'malang', 'p', '-'),
(47, 4, 'vincentius hendra', 'ab8637cc19edab9e5e7d71ceb3f3e6a9', '3256', '', 'arjosari', '2002-08-21', 'malang', 'l', '-'),
(48, 4, 'yera dwi', 'f9630b7cacfa5ebd72d1b72b08a75c7d', '3257', '', 'arjowilangun', '2002-12-06', 'malang', 'p', '-'),
(49, 4, 'sri wahyuni', 'e26fba1a81e64a4d8a2a8cd4d236ee8f', '3260', '', 'arjowilangun', '2002-10-26', 'malang', 'p', '-'),
(50, 2, 'albertus gaby', 'c27acdc87f0f4b2a5c5aa17b648681ca', '3170', '', 'arjowilangun', '2001-08-31', 'malang', 'l', '-'),
(51, 2, 'andreas putra', 'dfda4fe88df00fd90aeace77ead3a0a9', '3174', '', 'arjowilangun', '2001-05-15', 'malang', 'l', '-'),
(52, 2, 'calvin leona', '496f565c82e304964b30e0228d8c1956', '3178', '', 'arjowilangun', '2001-12-23', 'malang', 'l', '-'),
(53, 2, 'dewi setyaningrum', '5b2e77b730131ec39df9e5a47d108cfc', '3180', '', 'arjowilangun', '2001-03-07', 'malang', 'p', '-'),
(54, 2, 'dhea merchelina', '9356c958983b5a32dcd07338aeea0f46', '3181', '', 'arjowilangun', '2001-03-31', 'malang', 'p', '-'),
(55, 2, 'dika afifudin', '28ac32e7124bfd612801b80c1c86ab67', '3182', '', 'arjowilangun', '2001-09-30', 'malang', 'l', '-'),
(56, 2, 'efi khodariyah', '0c1031a22e1d766f3683fff2f99c5762', '3184', '', 'arjowilangun', '2001-03-16', 'malang', 'p', '-'),
(57, 2, 'ignasius hendri', '6561d36f3e8b1523f169c04eb7b2efcf', '3188', '', 'arjosari', '2001-01-01', 'malang', 'l', '-'),
(58, 2, 'jeky prabowo', 'ce93910b77c80f009dcd6ed3524dd903', '3189', '', 'arjowilangun', '2001-05-13', 'malang', 'l', '-'),
(59, 2, 'jimmy yuda', 'a6b2455707b938237f01af011686cd6d', '3191', '', 'arjowilangun', '2001-09-22', 'malang', 'l', '-'),
(60, 2, 'langga febrika', '82394ecdefe02754eeb6212a1f11dab2', '3194', '', 'arjowilangun', '2001-02-28', 'malang', 'l', '-'),
(61, 2, 'mochamad nur', '9b3f185e7c653e71ab2060e7e0f5f068', '3198', '', 'arjosari', '2001-07-29', 'malang', 'l', '-'),
(62, 2, 'muhammad abdul', 'a13086a23c20e96254b60c0f47ad00cc', '3199', '', 'arjosari', '2001-12-01', 'malang', 'l', '-'),
(63, 2, 'puji lestari', 'ed2388bb1a2fdfefa2b90c8e4f15be86', '3201', '', 'arjowilangun', '2001-12-10', 'malang', 'p', '-'),
(64, 2, 'risa anggi', 'c99c913abda2c50b5ef2b3e5f245f021', '3203', '', 'arjowilangun', '2001-10-30', 'malang', 'p', '-'),
(65, 2, 'septiyan dwiki', '9fe34e7c42534daedd312a7bee124818', '3205', '', 'arjowilangun', '2001-10-09', 'malang', 'l', '-'),
(66, 2, 'silvister louis', '85135b4cceab5f083c0f939243563c62', '3207', '', 'arjowilangun', '2001-04-07', 'malang', 'l', '-'),
(67, 2, 'stefanus lado', 'd73f0d2f3a70a981758863063c0d2a8a', '3210', '', 'arjowilangun', '2001-06-30', 'malang', 'l', '-'),
(68, 2, 'stevanus eliadinata', 'c9936011344e73b0c9803552f7a02870', '3211', '', 'arjowilangun', '2001-04-22', 'malang', 'l', '-'),
(69, 2, 'suga amil', '1e6109467cf2315eca0dec1766711073', '3212', '', 'arjowilangun', '2001-05-11', 'malang', 'p', '-'),
(70, 2, 'tria vindi', '6d5738cd5be7908196e8d586d63cfbc9', '3214', '', 'arjowilangun', '2001-01-30', 'malang', 'p', '-'),
(71, 2, 'umbar prasetyo', 'd8af088fb432ad482ef4642886f7c061', '3215', '', 'arjowilangun', '2001-12-01', 'malang', 'l', '-'),
(72, 5, 'ade sekar', 'c0ac3b4b32bd154aae0f23e8ce18b9f0', '3168', '', 'arjowilangun', '2001-10-10', 'malang', 'p', '-'),
(73, 5, 'adnya aulina', '80609c0d52e9cf1229e132ffc9989de2', '3169', '', 'arjowilangun', '2001-03-22', 'malang', 'p', '-'),
(74, 5, 'alfan yonika', '22fb84239030bdba8646e7891dd19219', '3171', '', 'arjowilangun', '2001-10-31', 'malang', 'l', '-'),
(75, 5, 'ana mariana', '49f6e5aad64fbb134b5b100c16f0c3f8', '3172', '', 'arjowilangun', '2001-04-08', 'malang', 'p', '-'),
(76, 5, 'andi setiawan', '356ab907f42016b7fd52001037b432e1', '3173', '', 'arjowilangun', '2001-05-13', 'malang', 'l', '-'),
(77, 5, 'anggara dwi', 'c32ac92a7c86107771aaffa38db168e0', '3175', '', 'arjowilangun', '2001-12-08', 'malang', 'l', '-'),
(78, 5, 'anggi saputro', '5bfbc6b90e6f6e98858994d9c88d278a', '3176', '', 'arjowilangun', '2001-10-01', 'malang', 'l', '-'),
(79, 5, 'bili tri', '354844205379d425cf81309c05c05d43', '3177', '', 'arjowilangun', '2001-02-25', 'malang', 'p', '-'),
(80, 5, 'deby putra', 'eb6f5c9ca04f3c2e2633ebe1f9c685c2', '3179', '', 'arjosari', '2001-01-08', 'malang', 'l', '-'),
(81, 5, 'dwi prasetyo', '728b9c4f11e0138ce383929bf9747fbf', '3183', '', 'arjowilangun', '2001-07-04', 'malang', 'l', '-'),
(82, 5, 'erwin firmansyah', '545e1b8684d8b374fd3e45ac72f871b3', '3185', '', 'arjowilangun', '2001-08-18', 'malang', 'l', '-'),
(83, 5, 'fransiska agnes', '77f1fd97011813ad0bb67e1e968bd795', '3186', '', 'arjosari', '2001-02-14', 'malang', 'p', '-'),
(84, 5, 'jimi dika', '90fa266dece471dc7a630d9fbaa0aa32', '3190', '', 'arjowilangun', '2001-05-01', 'malang', 'l', '-'),
(85, 5, 'kelfin marinda', 'bcdeff5332b466fc0203722806cabe4c', '3192', '', 'arjowilangun', '2001-11-29', 'malang', 'l', '-'),
(86, 5, 'kori krisnawati', 'a9b0eaabd7798b7c088ba10d80519124', '3193', '', 'arjowilangun', '2001-02-05', 'malang', 'p', '-'),
(87, 5, 'laurensia risa', '47d77ae337fb5b9a70647313fe81338e', '3195', '', 'arjowilangun', '2001-11-01', 'malang', 'p', '-'),
(88, 5, 'leonardus feri', '9dc997ac763851f1450683e8e3007c22', '3196', '', 'arjosari', '2001-06-05', 'malang', 'l', '-'),
(89, 5, 'oka mahendra', '58aae411ecdccd96d52d7bbe156d5707', '3200', '', 'arjowilangun', '2001-09-20', 'malang', 'p', '-'),
(90, 5, 'putri anisa', 'e5b98759df7f7530c0078e442661140d', '3202', '', 'arjowilangun', '2001-10-23', 'malang', 'p', '-'),
(91, 5, 'silvia ningrum', 'e75d0d88bf435ee566c025d79377dda6', '3206', '', 'arjowilangun', '2001-02-02', 'malang', 'p', '-'),
(92, 5, 'sony', '4c748f8dc021f47bb4b234f450b82082', '3209', '', 'arjowilangun', '2001-09-14', 'malang', 'l', '-'),
(93, 5, 'titis bagus', '96a891367b1187b25cb4e74b36d0dcd0', '3213', '', 'arjosari', '2001-04-04', 'malang', 'l', '-'),
(94, 5, 'vincentia ferra', 'aae041a751207273106b3de8b50fb27a', '3216', '', 'arjowilangun', '2001-06-23', 'malang', 'p', '-'),
(95, 3, 'agnes arum', '15b4850662523dc126d7483f918b429f', '3130', '', 'arjowilangun', '2001-04-01', 'malang', 'p', '-'),
(96, 3, 'andina rensa', '7f871b265c5eb06fe6426caaa2fcbac3', '3133', '', 'arjowilangun', '2001-05-07', 'malang', 'p', '-'),
(97, 3, 'bella vista', '8939e24a0c014ccbb39b52fa653fba56', '3137', '', 'arjowilangun', '2001-03-05', 'malang', 'p', '-'),
(98, 3, 'chrositha bella', '309c2b825c145d8b23fb904a8ff58b8f', '3139', '', 'arjosari', '2001-03-03', 'malang', 'p', '-'),
(99, 3, 'dwi trianingsih', '3916aa45f166a1f562be0e3c07d622d6', '3143', '', 'arjowilangun', '2001-04-06', 'malang', 'p', '-'),
(100, 3, 'fadia violin', '77c01020e492ef1eaf4581b1f6f78283', '3146', '', 'arjowilangun', '2000-06-01', 'malang', 'p', '-'),
(101, 3, 'florentina della', '49b0f325a7e020180def201f735242e4', '3149', '', 'arjosari', '2000-03-09', 'malang', 'p', '-'),
(102, 3, 'khavita sari', '2ac7a68264e8bc405a5728a43964a5c6', '3153', '', 'arjowilangun', '2000-05-22', 'malang', 'p', '-'),
(103, 3, 'lavenia dwi', 'a8eb4ac836a81ddead588f07da2ea699', '3154', '', 'arjowilangun', '2000-12-05', 'malang', 'p', '-'),
(104, 3, 'lila duwi', 'fec2c7b3d17108c025e5bda67086a89d', '3155', '', 'arjowilangun', '2000-10-02', 'malang', 'p', '-'),
(105, 3, 'marcelinus anggi', '0179184bb1040491c928e8dd8da27be4', '3156', '', 'arjowilangun', '2000-05-08', 'malang', 'l', '-'),
(106, 3, 'maria yeka', '24e7041da2b3e46d05c6600e19cbd38b', '3157', '', 'arjosari', '2000-01-26', 'malang', 'p', '-'),
(107, 3, 'muspito resa', '4cd6e11281cd8248c022a6e0a44bd18e', '3158', '', 'arjosari', '2000-03-08', 'malang', 'l', '-'),
(108, 3, 'nikolaus angga', '2de76c6efd8d6fbc333432a188b1851c', '3159', '', 'arjowilangun', '2000-02-02', 'malang', 'l', '-'),
(109, 3, 'rizki irwanto', '12126172cd4f3764aff7acb6a64a2ecd', '3163', '', 'arjowilangun', '2000-06-21', 'malang', 'l', '-'),
(110, 3, 'katon indrayana', '3d62c5b69c198a6e6e237576c426dece', '3167', '', 'arjosari', '2000-04-15', 'malang', 'l', '-'),
(111, 6, 'alfinia aldama', '701b059874ad9a5801950130272c2bc3', '3131', '', 'arjowilangun', '2000-05-11', 'malang', 'p', '-'),
(112, 6, 'andi kurniawan', '15f573e6256e2e00aa2ae94d57a95a5d', '3132', '', 'arjowilangun', '2000-12-19', 'malang', 'l', '-'),
(113, 6, 'anggi nurhadi', 'a3cfafc442ddeca87805409a9a04d064', '3135', '', 'arjosari', '2000-09-10', 'm', 'l', '-');

-- --------------------------------------------------------

--
-- Table structure for table `teacher`
--

CREATE TABLE IF NOT EXISTS `teacher` (
`id` int(11) NOT NULL,
  `name` varchar(50) NOT NULL,
  `passwd` varchar(255) NOT NULL,
  `gender` varchar(10) NOT NULL,
  `birthdate` text NOT NULL,
  `birthplace` varchar(255) NOT NULL,
  `address` varchar(255) NOT NULL,
  `phone` varchar(50) NOT NULL
) ENGINE=MyISAM  DEFAULT CHARSET=latin1 AUTO_INCREMENT=16 ;

--
-- Dumping data for table `teacher`
--

INSERT INTO `teacher` (`id`, `name`, `passwd`, `gender`, `birthdate`, `birthplace`, `address`, `phone`) VALUES
(7, 'panimin', '6dc5e3a0bdfe3fc65b402eff1205201c', 'l', '', 'malang', '', '085646720151'),
(11, 'antonius boyadi', '4550363bb09a6962f659233dfdb51c0a', 'l', '1975-02-03', 'malang', 'kalipare', '-'),
(6, 'sutres', '522b0da21662d62eda1658e4498a3d68', 'l', '2009-06-09', 'malang', 'malang', '00006'),
(8, 'maryuni', 'fb073db522cc068caacc3aace7aad0e0', 'p', '1979-02-14', 'malang', 'malang', '0856666666666'),
(9, 'yusup jumakir', 'ccd98efacf9331375b80d1223425e8e1', 'l', '1970-07-06', 'bantur', 'kalipare ', '082334662050'),
(10, 'yustina tumilah', '7ba1273506ad5e2ea2504613e0a29c1f', 'p', '1972-12-13', 'malang', 'kalipare', '085855804266'),
(12, 'karsini', 'd7a438eb09cc98435e9962c9b724f14b', 'p', '1975-06-13', 'malang', 'kalipare', '-'),
(13, 'suliani', 'f1e8b088930ffdc8d9788a54186df069', 'p', '1979-11-19', 'malang', 'kalipare', '-'),
(14, 'yayuk dwi fatmawati', 'e24d974e632ba7a5c24e52833b41953d', 'p', '1980-01-15', 'malang', 'kalipare', '-'),
(15, 'domianus prawito', 'b438e3fcd6e03a4d79558cfeb05e1741', 'l', '1979-05-11', 'malang', 'kalipare', '085648124847');

-- --------------------------------------------------------

--
-- Table structure for table `user`
--

CREATE TABLE IF NOT EXISTS `user` (
`id` int(11) NOT NULL,
  `user_name` varchar(255) NOT NULL,
  `user_display` varchar(255) NOT NULL,
  `user_pass` varchar(255) NOT NULL,
  `is_active` int(11) NOT NULL
) ENGINE=MyISAM  DEFAULT CHARSET=latin1 AUTO_INCREMENT=2 ;

--
-- Dumping data for table `user`
--

INSERT INTO `user` (`id`, `user_name`, `user_display`, `user_pass`, `is_active`) VALUES
(1, 'admin', 'Administrator', 'dbbe81d7daaf1e5792a698a54f45c2de', 1);

--
-- Indexes for dumped tables
--

--
-- Indexes for table `class_level`
--
ALTER TABLE `class_level`
 ADD PRIMARY KEY (`id`);

--
-- Indexes for table `discipline`
--
ALTER TABLE `discipline`
 ADD PRIMARY KEY (`id`);

--
-- Indexes for table `grade`
--
ALTER TABLE `grade`
 ADD PRIMARY KEY (`id`);

--
-- Indexes for table `homeroom`
--
ALTER TABLE `homeroom`
 ADD PRIMARY KEY (`id`);

--
-- Indexes for table `student`
--
ALTER TABLE `student`
 ADD PRIMARY KEY (`id`);

--
-- Indexes for table `teacher`
--
ALTER TABLE `teacher`
 ADD PRIMARY KEY (`id`);

--
-- Indexes for table `user`
--
ALTER TABLE `user`
 ADD PRIMARY KEY (`id`);

--
-- AUTO_INCREMENT for dumped tables
--

--
-- AUTO_INCREMENT for table `class_level`
--
ALTER TABLE `class_level`
MODIFY `id` int(11) NOT NULL AUTO_INCREMENT,AUTO_INCREMENT=7;
--
-- AUTO_INCREMENT for table `discipline`
--
ALTER TABLE `discipline`
MODIFY `id` int(11) NOT NULL AUTO_INCREMENT,AUTO_INCREMENT=13;
--
-- AUTO_INCREMENT for table `grade`
--
ALTER TABLE `grade`
MODIFY `id` int(11) NOT NULL AUTO_INCREMENT,AUTO_INCREMENT=1130;
--
-- AUTO_INCREMENT for table `homeroom`
--
ALTER TABLE `homeroom`
MODIFY `id` int(11) NOT NULL AUTO_INCREMENT,AUTO_INCREMENT=8;
--
-- AUTO_INCREMENT for table `student`
--
ALTER TABLE `student`
MODIFY `id` int(11) NOT NULL AUTO_INCREMENT,AUTO_INCREMENT=114;
--
-- AUTO_INCREMENT for table `teacher`
--
ALTER TABLE `teacher`
MODIFY `id` int(11) NOT NULL AUTO_INCREMENT,AUTO_INCREMENT=16;
--
-- AUTO_INCREMENT for table `user`
--
ALTER TABLE `user`
MODIFY `id` int(11) NOT NULL AUTO_INCREMENT,AUTO_INCREMENT=2;
/*!40101 SET CHARACTER_SET_CLIENT=@OLD_CHARACTER_SET_CLIENT */;
/*!40101 SET CHARACTER_SET_RESULTS=@OLD_CHARACTER_SET_RESULTS */;
/*!40101 SET COLLATION_CONNECTION=@OLD_COLLATION_CONNECTION */;
